round_epochs,val_loss,val_accuracy,loss,accuracy,activation,batch_size,first_neuron
100,0.5794479906946034,0.7142857313156128,0.5668329948375567,0.7430168,relu,10,12
